protein_id,cluster,assignment_confidence
A0A286LEZ9,0,1.0
A0LDR1,1,1.0
A0A411KZY9,1,1.0
A0A023PYC6,0,1.0
A0R8F7,1,1.0
A0A350,0,1.0
A0RH88,1,0.99998474
A0QL02,1,0.9999543
A0A2K1X4I9,1,0.99992365
A0LQP0,1,1.0
A0AYY8,0,1.0
A0JMW6,1,0.9999084
A0A0B5KYT4,1,1.0
A0A023IWG3,0,1.0
A0RAS3,1,1.0
A0B7Z0,1,0.99998474
A0A509ADH4,1,0.7900036
A0LI55,0,1.0
A0A286YF58,0,1.0
A0A2G5I8W0,0,0.98771644
A0Q7Y1,1,1.0
A0AJB5,1,1.0
A0R1T3,1,1.0
A0A0P0WL81,1,0.98922473
A0AIZ8,1,1.0
A0QQZ8,1,1.0
A0A2Z5CVA1,1,0.99998474
A0L250,1,0.9998627
A0R9A0,1,1.0
A0A1X9ISP7,1,0.9999084
A0RHL5,0,0.9992526
A0M590,0,0.99998474
A0JNJ4,1,0.9850374
A0A5Q0QP64,1,0.99800307
A0PZS6,1,1.0
A0JN52,1,0.9992678
A0LD64,1,0.991673
A0KRM0,1,1.0
A0A0P1ATM7,0,1.0
A0KEC3,1,1.0
A0JJT9,1,1.0
A0A023PYI5,0,0.99975586
A0A381HBN1,1,0.62935585
A0A7S8RGC8,0,0.9213838
A0A1D8PTI7,0,1.0
A0QS45,1,1.0
A0LA23,1,1.0
A0A7H0DN32,0,1.0
A0QWG2,1,1.0
A0A0H2ZKY7,0,0.9970594
A0RAL4,1,0.9999695
A0KRP3,1,0.9999695
A0A5B8Z1N3,1,1.0
A0JYN2,1,1.0
A0A5H1ZR48,0,1.0
A0A3D9VCI6,1,0.9999543
A0A3T0E4B9,1,0.9985362
A0Q8E1,1,1.0
A0A7H0DNA4,0,1.0
A0KRM8,1,1.0
A0PM49,1,1.0
A0A023PZF9,0,1.0
A0KKH9,1,1.0
A0LHM4,1,1.0
A0K7V7,0,0.91913706
A0A1L6K371,0,1.0
A0A7H0DND2,0,0.84123677
A0KVD3,1,1.0
A0A1L8FM16,1,0.9991763
A0JWY6,1,0.99998474
A0RB62,1,0.9998931
A0A287BDC1,1,0.9998931
A0LRP6,1,1.0
A0A1D8PFV1,0,0.9704023
A0CYG2,0,0.8840873
A0A2I1C3V3,1,0.9971506
A0A0F7TXA5,1,1.0
A0LJM3,1,0.8753219
A0A455LRX2,1,0.89534163
A0JUU0,1,1.0
A0A146F0J0,0,0.9260349
A0R480,1,1.0
A0A0A1I6N9,0,1.0
A0A4P8DJU1,1,1.0
A0A0S2E7Z1,1,1.0
A0KS84,1,1.0
A0AK37,1,1.0
A0KV13,1,1.0
A0A2H1VE33,1,0.99998474
A0A1S3C4H6,0,1.0
A0AAS4,1,1.0
A0A0U2WFX7,0,0.9999543
A0LIJ5,1,0.99553925
A0R3M4,1,1.0
A0Q1S2,0,0.9970898
A0A067XNJ0,1,0.981886
A0JMR6,1,0.999939
A0LRJ1,0,0.99998474
A0A075F932,1,1.0
A0A059WLZ7,1,1.0
A0A0S2E7V8,1,1.0
A0A023IWI4,0,1.0
A0QEZ6,1,1.0
A0KTZ1,1,1.0
A0M787,1,0.99992365
A0PXX4,1,1.0
A0PXU2,1,1.0
A0A7S8MU59,0,0.9719732
A0A0G2RKY1,1,1.0
A0LSW9,0,0.99998474
A0KBJ5,1,0.9928085
A0K477,0,0.9999695
A0A7S8MVN3,0,0.9994051
A0KF33,1,1.0
A0JV02,0,0.9991458
A0A023PYF4,0,1.0
A0K2Y1,1,1.0
A0A0A7EQR3,1,1.0
A0A455RAK9,1,0.9998017
A0QG83,1,0.999939
A0PX70,0,0.8262508
A0QDK7,1,0.7063524
A0LRL4,1,1.0
A0KGF0,1,1.0
A0A1R3RGJ7,1,1.0
A0LV11,1,1.0
A0B9U1,0,0.99194545
A0A191T6Q6,1,1.0
A0Q7Q5,1,0.99998474
A0A2Z4HPY0,1,1.0
A0A8G1LR08,1,1.0
A0MH68,1,1.0
A0Q8M6,1,1.0
A0L482,1,1.0
A0A4Y6F0M8,1,1.0
A0KNT0,1,1.0
A0A0H3MBK5,1,0.99998474
A0KYM1,1,1.0
A0A0A2JP58,1,0.9998779
A0A2K3DMP5,0,0.52430815
A0A024B3D0,0,0.8386735
A0R102,1,0.9761496
A0A324,0,1.0
A0LF66,1,0.9991306
A0R0T9,1,1.0
A0A0A0MTA4,0,1.0
A0KEM9,1,1.0
A0A2I1BSX0,0,0.8429072
A0A1W5T1T3,0,1.0
A0A7J6K7Y0,1,0.86029303
A0KAR0,1,1.0
A0K4K6,1,1.0
A0B6Z6,1,0.9996796
A0A0A2JY30,1,1.0
A0QEZ9,1,1.0
A0A4P8DJU7,1,0.9956607
A0PPD1,1,1.0
A0LRM0,0,1.0
A0LK67,1,0.9991916
A0K4K7,1,0.9563494
A0A1V0QSC6,1,0.99964917
A0AJU2,1,1.0
A0M554,1,1.0
A0QL17,1,1.0
A0A0R4IYX6,1,0.9995881
A0PK05,1,1.0
A0RHP5,1,0.9999543
A0RN89,0,0.98792744
A0A0N7D7C9,1,1.0
A0A0U1LSP0,1,1.0
A0A084B9Z2,1,0.9954936
A0A1S4DFD3,1,1.0
A0QJU9,1,1.0
A0A2R8Q3S9,1,0.9999084
A0RKC7,1,0.99998474
A0K834,1,0.90352124
A0AF21,0,0.6322916
A0A161CEV4,1,0.99998474
A0JMD4,1,1.0
A0LLG2,0,0.999939
A0R890,1,1.0
A0A023PXJ7,0,1.0
A0QLP6,1,1.0
A0A2I6PJ13,1,0.9993288
A0A3G1DJJ8,1,0.9999695
A0AKD5,1,1.0
A0AG21,1,0.9980488
A0RIH3,1,1.0
A0PQ75,0,0.6869224
A0A1D3PCJ5,1,1.0
A0A0B0QJN8,1,1.0
A0LTZ0,1,1.0
A0A0M3KKW3,1,0.9999695
A0JWX8,1,0.9999543
A0Q6F0,1,1.0
A0A0C1EFK1,1,1.0
A0B9K5,0,0.9997101
A0A8I3S9V6,1,1.0
A0Q2L0,1,1.0
A0A5P9NYS6,0,1.0
A0A0B5A8Q2,0,1.0
A0Q5I2,1,1.0
A0B7V2,1,1.0
A0A087WSY6,1,0.99814016
A0A8K1AW52,1,1.0
A0QI38,1,1.0
A0A8I3NQW8,1,0.9677555
A0AKG4,0,0.9678292
A0JY66,1,1.0
A0Q696,1,0.9994508
A0A1D8PEL1,1,0.99992365
A0A0H3H456,1,1.0
A0A5C1REZ4,1,1.0
A0A4R2UGS4,1,0.9999543
A0A0D1CVS5,0,1.0
A0QRJ0,1,1.0
A0L3K3,1,0.9995119
A0RLN8,1,0.9983687
A0Q5M6,1,1.0
A0A3Q2UEI8,0,0.9999695
A0KY04,1,1.0
A0JND4,1,1.0
A0ALV5,0,0.51826304
A0A2G5ID46,1,1.0
A0LGM1,1,0.99998474
A0LRK0,0,0.976239
A0PX13,1,1.0
A0M5U1,1,0.9991306
A0R200,1,1.0
A0LZH4,0,0.9996339
A0A0B5ABD5,0,1.0
A0A2Z5XAS1,1,0.99992365
A0KAU6,1,1.0
A0AJM6,1,0.9998779
A0A087WVF3,0,0.9967095
A0A193H362,0,1.0
A0A1D8PK71,0,1.0
A0A0N8YGA2,1,1.0
A0A7H0DND3,1,0.8425085
A0KRL7,1,0.99998474
A0B6X3,0,0.9884552
A0K866,1,0.9989782
A0B9V0,0,1.0
A0A1B0GTZ2,1,0.9961013
A0QR29,0,0.9999695
A0A125S9E2,0,0.9828603
A0A6M3QG69,1,1.0
A0KIK9,1,1.0
A0KQ25,0,1.0
A0A0P1DJE3,1,1.0
A0R921,1,1.0
A0PPW9,1,1.0
A0A072VPZ8,1,1.0
A0QL99,1,0.999939
A0A0G2Q9D6,1,1.0
A0QA95,1,1.0
A0KGH8,1,1.0
A0QQ98,1,0.9997406
A0A089FNE5,1,1.0
A0A330KW27,0,0.8028852
A0R664,1,0.9998474
A0QV47,1,1.0
A0QMC8,1,1.0
A0PMB4,1,1.0
A0A179H0I3,1,0.98690283
A0RBL2,1,1.0
A0A447CCJ8,1,0.98797274
A0QV16,1,1.0
A0A084R1K6,1,1.0
A0L678,1,0.9998931
A0A1B0GTD5,1,0.9880933
A0Q4I6,1,0.99942034
A0A1B0GV90,0,0.62789786
A0JPQ9,1,1.0
A0NBD9,1,0.90359014
A0M6K0,1,1.0
A0QNJ5,0,1.0
A0A2P1DP91,1,0.9999695
A0A348B784,1,0.9695143
A0M4Z3,1,1.0
A0LEB7,1,0.99876475
A0KW24,1,1.0
A0A075B6U4,1,1.0
A0Q0A0,1,1.0
A0A1B0GUA5,0,0.9885156
A0A0N7CSQ4,0,0.97295254
A0A075B6K0,1,0.99992365
A0KL76,1,0.9989782
A0KNK7,1,1.0
A0A2K9RFZ7,1,0.9999543
A0A2S3XLU2,0,0.98101735
A0AIV2,0,0.9992678
A0QKM1,1,1.0
A0A1N7SYS3,0,0.7861556
A0LVP0,0,0.9332552
A0KJ40,1,0.9999695
A0LCZ1,1,1.0
A0QIB9,1,1.0
A0A2I6EDM5,0,1.0
A0PX89,1,0.9961317
A0A7H0DNB2,0,0.5404317
A0M2G8,1,1.0
A0A2K4Z9K4,0,1.0
A0A0R4IP11,1,1.0
A0JNG0,1,0.9971963
A0A0B4GDU5,1,0.9999695
A0KU81,1,1.0
A0A2G5ICA0,1,1.0
A0AJP7,1,1.0
A0KF24,1,0.9999695
A0A0U2D9C5,1,0.9999543
A0A0C1BV72,1,1.0
A0A075B6I9,1,1.0
A0A023IWK5,0,1.0
A0A0H3AL67,1,0.9985515
A0KZD8,1,1.0
A0JPB4,1,1.0
A0KJT2,1,0.9996948
A0QRI8,1,1.0
A0A455LLW0,1,1.0
A0RJT7,1,0.9999695
A0A4P8DJH6,1,0.99998474
A0AEM1,0,0.99681604
A0A0B4J2E0,1,1.0
A0A087X1C5,1,0.9952657
A0KSA9,1,1.0
A0R8J9,1,0.9999084
A0AGY4,1,1.0
A0B466,1,0.999939
A0A0M9ER62,1,1.0
A0A0E4AYE7,1,0.9719139
A0A481WQB6,1,1.0
A0RHL3,1,0.9943246
A0Q1B0,1,1.0
A0Q0Y0,1,0.99998474
A0LEC9,1,1.0
A0PJK1,1,1.0
A0B9X4,1,0.9999695
A0AMG4,0,0.99934417
A0A2U8U2L6,1,1.0
A0A0U5CJU6,1,1.0
A0M5H7,1,0.99983215
A0A1V0QSA9,1,0.9988257
A0A1L8H814,1,0.9923542
A0Q529,1,1.0
A0A455LN84,1,1.0
A0A1Z3GC64,1,0.9999543
A0A7S8MU55,0,0.98706853
A0A291PQF1,1,1.0
A0AIS2,1,1.0
A0A0B4J268,1,1.0
A0A088SG62,0,1.0
A0QKN5,1,1.0
A0LWU2,1,0.99964917
A0B577,1,0.99977106
A0M585,1,0.9999543
A0A140JWS2,1,0.999939
A0ALM3,1,1.0
A0A1X9ISH5,1,0.9999084
A0AQW4,0,1.0
A0KR77,1,1.0
A0A1D8PCW6,1,0.9987495
A0B880,0,0.99433976
A0A120KVW2,0,0.99992365
A0C574,0,0.7630269
A0K5U9,0,1.0
A0K2H5,1,0.9847669
A0LHM3,1,0.9910982
A0A182BSS3,0,1.0
A0A1B2CTB2,0,0.99376345
A0A075QQ08,1,0.9769691
A0RL96,1,0.9996644
A0A0E0SC50,1,0.9990391
A0PQ89,1,1.0
A0LJM6,0,0.9976834
A0A284RNH4,1,0.9958734
A0KEL1,1,1.0
A0RL90,1,0.7694808
A0A2Y9GHM3,0,1.0
A0AF63,1,0.99998474
A0KZT9,0,0.80164886
A0A509AWX2,0,0.9461888
A0A067XG71,0,0.999939
A0L5X5,1,1.0
A0B5E0,1,1.0
A0AJU3,1,1.0
A0PKG2,1,1.0
A0AI80,1,1.0
A0RHU0,0,0.9749439
A0Q0Z3,0,0.9820509
A0A067XH53,1,1.0
A0A1B4XBJ9,1,0.99998474
A0A0U5GK88,1,0.99998474
A0L2B4,1,1.0
A0A1B0GUC4,1,0.9966943
A0REW2,1,0.9710244
A0QQJ4,1,1.0
A0RI38,1,1.0
A0AJZ3,0,1.0
A0A0H2URJ6,1,1.0
A0LJ16,1,1.0
A0R8K8,1,0.9988106
A0R6Q0,1,0.9994051
A0KFR1,1,1.0
A0A067XMV2,1,1.0
A0A482AQV2,0,1.0
A0JP94,1,1.0
A0ALF8,1,1.0
A0A023GPJ0,0,0.9146041
A0RJJ7,1,1.0
A0A1V6P9U2,1,1.0
A0JMK5,1,1.0
A0KVX6,1,1.0
A0L5Y6,1,0.98250055
A0K9T8,1,0.98905873
A0M594,1,1.0
A0KLT5,1,1.0
A0K4S8,1,1.0
A0R8F9,1,1.0
A0PU35,1,0.81191564
A0ALU3,1,1.0
A0A140JWT8,1,1.0
A0A075B6V5,1,1.0
A0B870,1,0.9301134
A0K9C0,1,0.99998474
A0P9L2,0,0.93093693
A0KAK7,1,1.0
A0Q8H1,0,0.9861503
A0PQB8,1,1.0
A0KYA3,1,1.0
A0QHG7,1,0.7591712
A0A5Q0MUT1,0,1.0
A0Q5R0,1,1.0
A0JZ88,1,1.0
A0A386JVA3,1,0.8975302
A0Q9K2,1,0.9999084
A0PXR8,1,1.0
A0KRL6,0,1.0
A0A090XE98,0,0.8736141
A0QF50,1,1.0
A0JND2,0,0.99797267
A0AF28,1,1.0
A0QX20,1,1.0
A0LDT4,1,0.99981695
A0RHN9,1,1.0
A0PMW8,1,0.9999084
A0L407,1,0.9999543
A0AJE1,0,0.99750066
A0QJ48,1,0.84496754
A0AIU3,1,1.0
A0L0V1,1,1.0
A0PQD9,1,1.0
A0A2R6W1B1,0,0.9982468
A0K9L0,1,1.0
A0QI61,1,1.0
A0A6F8RQ72,1,1.0
A0A4R2TZQ0,1,0.9995119
A0A1U9YHZ1,1,1.0
A0KJ36,1,1.0
A0A0F7TN06,1,0.99998474
A0L627,1,1.0
A0L6F5,1,1.0
A0A0R4IBL7,0,0.7386487
A0A2U3YVN9,0,1.0
A0A0B5L778,1,0.95554715
A0QTV0,0,0.99846
A0QTK4,1,0.99998474
A0A172J1R7,1,1.0
A0NEF7,1,0.9971812
A0A3Q1N1R0,1,0.99497724
A0PSG4,1,0.9993288
A0AIS9,0,0.70521086
A0Q6X4,1,0.99998474
A0REX0,1,1.0
A0A3G3C7T9,0,1.0
A0AIW8,1,1.0
A0KUE8,1,1.0
A0KL61,1,1.0
A0KRK9,1,1.0
A0L5G7,0,0.98437625
A0A0C6DWS6,1,1.0
A0KN93,1,0.67528266
A0PQ63,1,0.9996948
A0LDT3,1,1.0
A0M3J8,1,1.0
A0QDH0,1,1.0
A0A023PYK2,0,1.0
A0A0B5AC19,1,0.9987191
A0PZN1,1,1.0
A0A0U2V7I8,1,1.0
A0A0H3FRB6,1,0.9999543
A0KS72,1,0.9987495
A0LNZ0,1,0.9999543
A0K8E2,1,0.99981695
A0A0P0ZEA9,1,0.99998474
A0M6J8,0,1.0
A0A075B6N3,1,1.0
A0KRP5,0,1.0
A0A316,0,1.0
A0A0K0MJ13,0,0.99868864
A0A1L8HBI7,1,0.9736802
A0Q870,1,1.0
A0AK80,1,1.0
A0R213,1,1.0
A0KSR7,1,0.5585917
A0K8U2,1,1.0
A0A3B6KF13,0,1.0
A0A411KZU9,1,0.9999695
A0A1B2CTA9,1,1.0
A0RIR1,1,1.0
A0LII1,1,1.0
A0L1Q7,1,1.0
A0A1D3PDD4,1,1.0
A0KRN9,1,1.0
A0A1L8I316,1,0.93643624
A0KTZ4,1,0.99981695
A0A075TRC0,1,0.99978644
A0LLH1,0,0.97533077
A0A1D8PCL1,1,1.0
A0A386CAB9,1,1.0
A0KSN0,1,1.0
A0A1S3XSG2,1,0.9899949
A0KYC0,0,0.99998474
A0RMK8,1,1.0
A0A0H2ZL64,1,0.9996186
A0Q6S3,0,0.9172316
A0B562,0,0.99885625
A0LH26,0,0.96630937
A0A0F9XJT1,1,1.0
A0Q4Z0,1,0.9998779
A0Q6L9,1,0.99998474
A0AJQ7,0,0.9024878
A0A411EW25,1,1.0
A0A401ETL2,1,0.9999695
A0PXL3,1,0.999939
A0KZ09,1,0.99998474
A0A0K2H5X8,0,0.9795665
A0QIY5,1,0.8168989
A0A6F8RNP4,1,1.0
A0JPH4,1,1.0
A0Q4H4,1,0.78140765
A0A0B4J244,1,1.0
A0KB51,1,1.0
A0A8B0RBM2,1,1.0
A0A125S9G2,0,0.9958278
A0QYY6,1,1.0
A0A455M2Y3,1,1.0
A0MD28,0,1.0
A0RIN0,1,1.0
A0A1D8PCG7,0,0.99868864
A0R8K3,0,0.9991763
A0A0F7Z3J2,0,0.9964055
A0A1E4S2P1,1,1.0
A0AXY5,1,1.0
A0A375,0,1.0
A0A7L9EZZ4,1,1.0
A0R8K5,1,1.0
A0LWR6,1,0.9999543
A0LXQ1,1,0.9987191
A0A3B3IT52,0,1.0
A0A345,0,1.0
A0A024B4E4,1,0.6756022
A0KW50,1,1.0
A0QZY5,1,1.0
A0R0B2,1,1.0
A0PMY7,1,1.0
A0PTP3,0,0.9595798
A0A3G9GNK2,1,0.9999695
A0A2Z4HPZ7,1,0.99998474
A0A0U5GFR4,1,1.0
A0CUB5,0,0.9661767
A0LZ30,1,1.0
A0Q635,1,0.99975586
A0JMI9,1,1.0
A0A3S5YBC7,1,1.0
A0MTA1,1,1.0
A0QBP0,1,1.0
A0A0P0C3P7,0,1.0
A0A141SFN5,0,1.0
A0A6G9KIT6,0,1.0
A0Q8C4,1,1.0
A0A084B9Z3,1,1.0
A0A6G9KH61,1,1.0
A0A1V6PAN1,1,1.0
A0K458,1,1.0
A0Q5J1,1,1.0
A0FGR9,1,1.0
A0A5F8MPU3,0,1.0
A0A125S9E4,0,0.5246443
A0AIG6,1,1.0
A0A2Z5TWF0,1,1.0
A0A0H3L1B8,1,0.9049424
A0B923,1,0.9017858
A0KU66,0,0.99992365
A0K3W0,1,0.99931353
A0LCK9,1,1.0
A0B9L1,0,1.0
A0A098DPY0,0,0.98140675
A0A087WUL8,0,1.0
A0KYY8,1,0.99978644
A0LL53,1,1.0
A0KBF2,1,1.0
A0PV23,1,1.0
A0KJD6,1,0.8823353
A0A097I2B5,0,0.9942336
A0QRN3,1,1.0
A0A1W6I186,0,1.0
A0RJ51,0,0.9171336
A0Q2Z9,0,1.0
A0A0S2E7W7,1,1.0
A0LEB5,1,1.0
A0Q8C5,1,1.0
A0Q2Z5,1,0.9966334
A0RHH9,1,0.9650716
A0A060L102,0,1.0
A0A140JWT6,1,0.9999084
A0A0H3JT74,1,0.9981554
A0A2I2F271,1,0.99998474
A0M284,1,0.723081
A0JYP1,1,0.9999543
A0L5X7,1,1.0
A0A8F5SIS3,1,0.9998627
A0A0K0K1C4,1,1.0
A0A3B7TNF2,0,1.0
A0KFE0,1,1.0
A0A0E3KBH3,1,0.99998474
A0M500,1,0.99998474
A0A1L9WLL5,1,0.99998474
A0A144LUY5,1,0.5826721
A0A144LVM3,1,0.9980639
A0A009IHW8,1,0.99998474
A0A061DM17,1,0.9219463
A0A096SRM5,1,0.999939
A0A455LXK6,1,0.9996339
A0Q5E0,1,1.0
A0A7H0DND6,0,1.0
A0A0R4IWI1,1,0.9999695
A0QND5,0,1.0
A0A0P1AL95,0,1.0
A0A3S7WQS5,1,0.99149156
A0A023PZM3,0,1.0
A0Q1Z2,1,1.0
A0A2I6PIZ9,1,1.0
A0R0W2,1,1.0
A0Q6U8,1,1.0
A0K2H3,1,0.99992365
A0A0H3PJL7,0,0.9973181
A0KQH8,1,1.0
A0A0K0K1E9,1,1.0
A0AEY1,0,1.0
A0AIG2,0,0.93727964
A0A3G9H2R5,1,1.0
A0QR01,1,1.0
A0A075TR33,1,0.9904935
A0PXD7,1,1.0
A0B3M8,1,1.0
A0K5U6,1,1.0
A0A7H0DNB9,0,0.7530449
A0PYC8,1,1.0
A0KQF1,1,0.9974398
A0A0U2IR85,1,0.99998474
A0QLS0,1,1.0
A0M8T5,1,1.0
A0A2U7XUE3,1,0.5880671
A0A0H3JRU9,1,1.0
A0RFW4,1,0.98535305
A0A1L5BU05,1,0.9871741
A0PM68,0,0.9976528
A0A1U8QVN4,0,0.99998474
A0A452E9Y6,1,0.96136785
A0QIQ9,1,1.0
A0KR28,1,1.0
A0A455R5P9,1,1.0
A0A1D6F7U7,0,1.0
A0A1J1DL12,1,1.0
A0QAU0,1,0.9814816
A0L3I9,1,0.9992526
A0A4Y6UQ63,1,1.0
A0LDF3,1,1.0
A0Q1R8,1,1.0
A0Q5D7,1,1.0
A0A5P9K9Z4,0,1.0
A0R0N3,0,1.0
A0A6S5ZZ88,1,1.0
A0QQV6,1,1.0
A0K3M8,1,0.99998474
A0A0H2XCS3,1,1.0
A0MH06,0,1.0
A0A1W2PPD8,1,0.99998474
A0AKU3,0,0.99992365
A0JSU9,1,0.9999543
A0KID0,1,0.9996796
A0A494C191,0,0.99998474
A0B2F6,1,1.0
A0RLA2,1,1.0
A0A1D8PIC7,1,0.99750066
A0ALP6,0,1.0
A0B3G1,1,0.9999695
A0R904,1,0.99998474
A0A161CAI1,1,0.99998474
A0AMG9,1,0.9999695
A0A1L9WLF2,1,1.0
A0A251PW43,0,1.0
A0Q4H2,1,0.9999543
A0A1L9WN49,1,1.0
A0RKM3,1,0.99981695
A0A0B5A7M7,0,1.0
A0A2I1BSV7,1,1.0
A0R2I8,1,0.5808346
A0LIV4,1,1.0
A0Q7M7,1,1.0
A0A1D8PDL6,0,0.9978813
A0A1B0GVG4,0,1.0
A0QIQ0,1,0.9948102
A0A1P8ATR9,1,1.0
A0R8W1,1,1.0
A0ALV0,1,0.9631738
A0RNH4,1,0.99750066
A0M5L6,1,1.0
A0LJZ1,1,1.0
A0QQ48,1,0.7520345
A0A0J9YX94,0,1.0
A0A0U1RRL7,0,1.0
A0Q8H0,1,0.97539026
A0A2I6PJ01,1,1.0
A0Q706,1,1.0
A0A023IWE0,0,1.0
A0A1D8PFL9,0,1.0
A0PV26,1,1.0
A0K729,1,1.0
A0A7H0DN17,0,0.99339956
A0A2P1BST7,0,0.9943549
A0Q2P9,1,1.0
A0K3N0,1,1.0
A0A179HLW2,1,1.0
A0AKC4,1,0.9839558
A0A0B5L781,1,1.0
A0Q8F2,1,0.9909168
A0A089FQI6,1,0.99998474
A0A481WR96,1,1.0
A0KNE2,1,0.99992365
A0KF25,1,1.0
A0Q115,1,1.0
A0A6C0WW38,1,0.93622196
A0A7H0DN43,0,1.0
A0AKE2,0,1.0
A0A2Z5CV93,1,1.0
A0KRL0,1,1.0
A0A3F2YED3,0,1.0
A0KJ58,0,0.99509877
A0A2J8C362,1,0.9542067
A0LRP8,1,1.0
A0A1D8PQN0,0,1.0
A0KPH6,1,1.0
A0A2U8U2L4,1,1.0
A0RJK8,1,1.0
A0A0M9ER64,1,1.0
A0A1W6EVN4,0,1.0
A0AKA1,1,1.0
A0A068Q609,1,0.9999084
A0A7H0DN44,0,0.92486286
A0KF09,1,0.92677
A0A151V4J3,1,0.99998474
A0CC46,1,0.9476048
A0RIV1,1,1.0
A0A023IWK7,0,1.0
A0A509AJL3,0,1.0
A0A0K1TQ05,1,0.9998627
A0B603,0,1.0
A0A0A2KMZ4,1,1.0
A0A0C9S461,0,0.99998474
A0MP03,1,1.0
A0A1B0GTH6,0,1.0
A0A2U8NEV6,1,1.0
A0A2Z5TTA9,1,0.9998474
A0RNK4,1,1.0
A0KZ20,1,0.61654294
A0A0A1GKA2,1,0.9990391
A0A335,0,1.0
A0PXV7,1,0.99998474
A0LYC3,1,1.0
A0QI91,1,1.0
A0A084API6,1,0.9996644
A0R8L2,1,1.0
A0A0A7AAW9,0,0.8129074
A0KPA3,1,1.0
A0A0G2K2P5,1,1.0
A0PXW1,1,0.99998474
A0M3P4,1,0.9743193
A0RB32,1,0.99992365
A0JVB0,1,1.0
A0A1U8QL22,1,0.99998474
A0KX58,1,1.0
A0PYB7,1,0.9382526
A0PV50,1,1.0
A0A098D8A0,1,1.0
A0A0H3JX98,1,1.0
A0ALL3,1,1.0
A0K8Z7,1,0.99059933
A0AH04,1,1.0
A0QIX1,1,0.9999695
A0RHU2,1,0.9954784
A0M4T5,0,0.9455682
A0A1M4BLT1,0,1.0
A0B8Y7,0,0.7842147
A0KU88,1,1.0
A0A166YZY4,1,0.99992365
A0A151EH88,1,1.0
A0A023PYD0,0,1.0
A0PPN3,1,1.0
A0A4Y6HUD7,0,0.83101755
A0Q6R5,1,1.0
A0L104,0,1.0
A0L833,1,0.9996796
A0A2S3R7M0,0,1.0
A0A0H3JGH6,1,1.0
A0Q4H1,1,1.0
A0LAG7,0,0.9998627
A0A384E126,0,0.9805535
A0A125QXJ1,1,1.0
A0K937,1,1.0
A0LNN5,1,0.99910015
A0FKI7,1,0.99905443
A0PPG7,1,1.0
A0A023PZC3,0,1.0
A0A0D2YG00,1,1.0
A0A1D8PDT3,0,0.9725963
A0A411PQN4,1,1.0
A0RD70,1,1.0
A0A5B8YU73,1,1.0
A0QJ99,1,1.0
A0A1S7LCW6,1,0.9999084
A0K4L6,1,1.0
A0A140JWT4,1,1.0
A0KGU1,1,0.99983215
A0KJA0,1,1.0
A0A2I8B353,0,1.0
A0PXT7,0,0.9997101
A0A4V1DXC4,1,1.0
A0Q8G9,1,1.0
A0PXK5,1,1.0
A0A325,0,1.0
A0A1Z2R986,1,0.99772906
A0KSE2,1,0.99978644
A0A6B9KZ83,0,0.9998779
A0A7J6KD88,1,1.0
A0LUC5,1,1.0
A0A1B0GTI1,1,0.9887871
A0A0P0XII1,1,1.0
A0K543,1,1.0
A0Q693,1,1.0
A0PTI1,0,1.0
A0A7U3TBV6,0,0.9996948
A0A6B9L8Y4,0,0.9995881
A0QFE1,1,0.99998474
A0JYG9,1,0.9999543
A0R1T4,1,1.0
A0KGI3,1,1.0
A0KQA5,1,0.9998931
A0LUC9,1,0.99983215
A0L253,1,1.0
A0A8D9UGU6,0,1.0
A0A1V0QSA8,1,0.99978644
A0A0U2UYC4,1,1.0
A0QWJ5,1,1.0
A0QFB5,1,0.999939
A0JZ81,1,0.9998931
A0A7H0DN37,0,1.0
A0Q4S3,0,0.99998474
A0A6G9KIF9,1,0.999939
A0JNJ5,1,0.865692
A0A023PZG9,0,1.0
A0A0F0I5G4,0,1.0
A0A7H0DNA3,0,1.0
A0AIR0,1,0.9736356
A0A098CZ12,1,1.0
A0A0S0MVI5,0,0.690053
A0A1C3YLL7,1,0.9991763
A0PXQ5,1,0.9999084
A0RKB5,1,1.0
A0PU27,1,1.0
A0A1B4XBH5,1,1.0
A0A353,0,1.0
A0LHM2,1,0.9998931
A0A1D8PTR4,0,1.0
A0RLB0,0,0.95430857
A0A355,0,1.0
A0A1X9QHJ0,1,1.0
A0A1E3P8S8,1,0.9999695
A0A139GI49,0,1.0
A0A411KUQ9,1,1.0
A0ALU1,1,0.99998474
A0A1V6PAF7,1,1.0
A0A0G0MF47,0,1.0
A0A2L2P6T9,0,0.7034161
A0B7E1,1,0.9998931
A0A0E3D8M6,1,1.0
A0A1D8PL68,0,1.0
A0R1B5,0,0.81081384
A0A1W5T1Y3,1,0.9602683
A0A1V6NXN7,1,0.7495027
A0A2V5GZ95,1,1.0
A0A385AJM4,1,0.9971659
A0A1L8HJK9,1,0.9961774
A0PM40,1,1.0
A0A6M3VWZ7,0,1.0
A0A1S1YUU1,1,1.0
A0LF67,1,1.0
A0A140NCB4,1,1.0
A0R8Z8,1,1.0
A0A455M7S4,1,1.0
A0A0F7TN65,1,0.9995271
A0PXV8,1,1.0
A0K3W4,1,0.98789734
A0LIY8,1,1.0
A0QL36,1,1.0
A0M376,1,0.99998474
A0KHR8,1,1.0
A0A3G9H185,1,1.0
A0KU91,1,1.0
A0A0B5A7N5,0,1.0
A0A2A5JY22,1,1.0
A0A023PXH4,0,1.0
A0LK21,1,1.0
A0A6B9L900,1,0.5843371
A0A7H0DNF7,0,1.0
A0A075B706,0,1.0
A0JXB1,1,1.0
A0LLH7,1,0.9999543
A0A5C1RF03,1,0.99998474
A0K577,1,0.9047491
A0A3T2V133,0,0.8972289
A0A0E4AY46,0,1.0
A0A078ISJ6,1,1.0
A0AI87,1,0.9956151
A0A0B4L1W8,1,1.0
A0AII5,1,1.0
A0A0H3NK84,1,0.9872795
A0A1L5BUX8,1,1.0
A0A2U9GHG9,1,0.9993288
A0Q8D9,1,1.0
A0KK62,1,0.8189332
A0A2H5AIX5,1,1.0
A0A142BX74,0,0.9999695
A0RMD6,1,0.9995881
A0PXX3,1,1.0
A0KBI0,0,0.9995271
A0A218QWY8,0,0.97050595
A0A0D1C1H8,0,1.0
A0A096XJN4,1,0.97967106
A0A3B3IU63,0,1.0
A0KS60,1,1.0
A0PLU9,1,1.0
A0A0U5GJ41,1,0.99998474
A0RM99,0,1.0
A0KLP0,1,1.0
A0KZP6,1,0.9996796
A0A1E4S2N7,1,0.99998474
A0A6M3Z4E7,0,1.0
A0RMK6,0,1.0
A0A885,1,1.0
A0JPK3,1,0.9207934
A0PKB4,1,1.0
A0A0D2YFZ7,1,0.9989782
A0L1J9,1,1.0
A0A1U8QLG8,1,0.9999084
A0A4P8DJV2,1,1.0
A0A384JQF5,1,1.0
A0LIK4,1,1.0
A0AKX6,0,0.99983215
A0KNU5,0,1.0
A0LY87,1,1.0
A0A0B4FAW4,1,0.97753584
A0A150XSR0,1,0.99975586
A0KIV0,0,0.9999084
A0A075B6Y3,0,1.0
A0M8V0,1,0.9937331
A0AG16,1,1.0
A0K3V4,0,0.99998474
A0QL14,1,1.0
A0Q842,0,0.967844
A0A3B3IT33,1,0.793023
A0AIZ4,0,0.99943554
A0A0R4IDX9,1,0.99935937
A0KN28,1,1.0
A0QVI7,1,1.0
A0KWF0,1,1.0
A0QRG8,1,1.0
A0A2I6PJ08,1,1.0
A0A443HJY8,1,1.0
A0KF38,1,1.0
A0KKK7,1,1.0
A0A140JWT2,1,0.99998474
A0M3L3,0,0.99931353
A0KGM6,1,1.0
A0LHJ3,1,1.0
A0JMQ0,1,1.0
A0M3Z6,1,1.0
A0A7H0DNE9,1,0.99868864
A0R018,1,1.0
A0A5C1RDA3,1,1.0
A0A1V0QSE8,1,1.0
A0JWN0,1,1.0
A0LAG9,0,0.9995881
A0B5P3,1,1.0
A0A075B6S0,0,1.0
A0BKG2,1,0.97408146
A0JMU8,1,0.98289037
A0A284RE13,1,0.99998474
A0KSI2,1,1.0
A0A2R8Y2Y2,0,1.0
A0JN87,1,1.0
A0A3G9HB50,1,1.0
A0PVP6,1,0.99777466
A0PQ79,1,1.0
A0A1V0HUU2,1,1.0
A0LSX5,1,1.0
A0L516,1,1.0
A0Q8G4,1,0.9998017
A0A1B0GRQ0,1,1.0
A0K437,1,1.0
A0L4W0,1,1.0
A0A455LLW5,1,0.9958582
A0A0U8UFF4,0,0.9973029
A0A1U8QK63,1,0.9995881
A0KHV1,1,1.0
A0A0U5GHH9,0,1.0
A0A345BJP1,1,0.99998474
A0PLU7,1,1.0
A0QAT1,1,1.0
A0A1B0GTU2,1,0.52384436
A0A1D8PNP3,1,1.0
A0A075B6R0,1,1.0
A0PYX6,1,0.99998474
A0LSV2,1,1.0
A0A4P8DJW8,1,1.0
A0A3T0QHS4,0,1.0
A0A0J5WTU0,1,0.99998474
A0A067XMK8,1,0.9992831
A0A1D6GDY8,1,1.0
A0A1D8PH21,0,0.96819854
A0A1D8PG16,0,1.0
A0LPG2,1,1.0
A0KF07,0,0.9844664
A0A391NZA8,1,0.99908495
A0PYW1,1,0.9999543
A0JX76,1,1.0
A0LJ00,1,1.0
A0A0B5A7N8,0,1.0
A0A340,0,0.9998931
A0JN86,1,1.0
A0A2R4LMF9,1,1.0
A0KX28,1,1.0
A0Q5I9,1,1.0
A0K5Q6,0,1.0
A0A140F3K7,0,1.0
A0QS30,1,0.9999695
A0A087WT02,1,1.0
A0A3G9K3N1,0,0.8385711
A0LTM0,1,1.0
A0A0U5GQ05,1,0.99998474
A0JXW1,1,0.82723475
A0JC77,1,0.99998474
A0QHB4,1,1.0
A0AJW1,1,1.0
A0QU33,1,1.0
A0KF31,1,1.0
A0A4P8DK01,1,0.99896294
A0A2I1C3Y3,1,0.9999695
A0RDM5,0,1.0
A0A345BJN5,1,1.0
A0Q864,1,1.0
A0A0H2VAP9,1,1.0
A0JNC4,0,0.7879209
A0LI20,1,1.0
A0KUJ2,1,1.0
A0A0J9YXQ4,0,1.0
A0A3G1QTU5,1,0.9998931
A0PWM1,1,0.98059845
A0RMD0,1,0.54425496
A0A3B1EFQ1,1,1.0
A0JMK8,1,0.9959798
A0A0B4J262,1,1.0
A0M7D3,1,0.9998931
A0A0U3LQ20,1,0.9997406
A0A0D1DYJ6,1,1.0
A0A3B3IS91,0,1.0
A0LI08,0,0.99922216
A0A315,0,1.0
A0A2Z5Z9H5,1,0.95125556
A0KHH3,1,1.0
A0A1B2LS07,0,1.0
A0RET0,1,1.0
A0Q6A6,1,1.0
A0AIU5,1,0.99943554
A0A0B5ABE6,0,1.0
A0Q388,1,1.0
A0A1V6NWP3,1,1.0
A0A023IWK6,0,1.0
A0JNQ6,0,0.99983215
A0A1L9WQN2,0,1.0
A0R518,1,1.0
A0A1S3ZQ17,1,0.9994508
A0A023PXP4,0,1.0
A0A024B7I0,1,0.9986429
A0L113,1,1.0
A0QDI7,1,1.0
A0A5P8DI06,1,0.9999543
A0A3Q8GYY4,1,0.9999695
A0A7J6K338,1,1.0
A0A0P0BZQ8,0,1.0
A0A023PYJ0,0,1.0
A0R8U9,1,1.0
A0LCX6,1,1.0
A0A023W163,0,1.0
A0PM64,1,1.0
A0QL10,0,1.0
A0A286YFB4,0,1.0
A0A379,0,1.0
A0ALD9,1,1.0
A0A7H0DN22,1,0.9772375
A0A0H3CEP9,1,1.0
A0QHY0,1,1.0
A0A0S2IHL2,1,1.0
A0KKW8,1,1.0
A0K3P4,1,0.9999695
A0A411PQN9,1,1.0
A0A7G5KLV2,0,0.9995728
A0LL24,1,0.9845415
A0A0H2XG66,0,0.84525126
A0A336U965,1,1.0
A0B6C9,1,1.0
A0A023PXK7,0,1.0
A0KJU2,1,1.0
A0RNT0,1,1.0
A0ALW8,1,0.99992365
A0AGM5,1,0.99998474
A0A0E4AE82,1,1.0
A0QNJ3,0,1.0
A0A023PXF5,1,0.5052311
A0Q099,0,0.99978644
A0A075TRL5,1,1.0
A0A1S4D1D3,1,0.5804714
A0QV01,1,0.99998474
A0KKD3,1,1.0
A0B5J1,1,1.0
A0A2K9RG08,1,0.99998474
A0A0B4J277,1,1.0
A0RBM1,1,0.99998474
A0QTU8,1,0.99868864
A0AIG0,0,0.998841
A0A2I1C3T5,1,1.0
A0A0K3AV08,1,0.9999084
A0QGP2,1,1.0
A0B6X8,0,0.99992365
A0JPB5,0,0.99992365
A0JM56,1,0.99998474
A0A1B1WAJ0,1,0.9916428
A0KNV3,1,1.0
A0A2H3D1U1,1,0.9999695
A0B7W4,1,1.0
A0A2G5I8H1,1,0.9951594
A0A1L8G016,1,0.9999695
A0QXE4,1,1.0
A0KCF0,1,1.0
A0KVI3,0,0.99981695
A0A0S6XAX9,0,1.0
A0A0C6DRT7,1,1.0
A0QJV4,1,1.0
A0KMP9,0,0.9816015
A0JUZ7,1,1.0
A0QTU9,1,1.0
A0KZN2,1,0.99998474
A0R980,1,1.0
A0M367,1,1.0
A0L1J8,1,0.9980183
A0JZ10,1,1.0
A0R1Y4,1,1.0
A0LRF2,1,1.0
A0A060L4I9,0,1.0
A0L5N9,1,0.99998474
A0A0H2ZQL5,1,0.9986581
A0A023IWM6,0,1.0
A0A0H3CC47,0,0.9892851
A0A084R1M6,1,0.99998474
A0A0B4J1N3,0,0.97980565
A0A2R6P624,1,1.0
A0A384JIP2,1,1.0
A0Q4H7,1,0.949356
A0KF23,1,1.0
A0A385AJM6,0,0.96198416
A0PYB3,1,1.0
A0B9P3,0,1.0
A0A2Y9HRM2,0,0.9999695
A0KFV3,1,1.0
A0Q5W0,1,0.90585417
A0A1I9LMX5,0,1.0
A0R8H8,1,1.0
A0A0H2VCA1,0,0.9973485
A0KAG0,1,0.87032765
A0B5W6,1,0.9071821
A0Q0Z7,1,0.99902385
A0KXU4,0,0.99998474
A0A0D1E6L2,1,1.0
A0KW27,1,0.99462813
A0B8P7,0,1.0
A0AIG8,1,0.9993288
A0RMM6,1,0.99890196
A0RAB9,1,1.0
A0KAS6,1,1.0
A0QU81,0,0.99896294
A0LEQ3,1,0.9852929
A0KRQ2,1,1.0
A0PM81,1,1.0
A0LE14,1,1.0
A0A075B6Q5,1,0.57402384
A0RHL7,1,1.0
A0A1L9URE0,1,1.0
A0QSS4,1,1.0
A0A0A7HB61,1,1.0
A0A455LM26,1,0.98575914
A0JYZ6,0,0.999939
A0A1U7QUM6,0,0.99998474
A0A0C4DH68,1,0.99998474
A0A0U1RGY0,1,1.0
A0R8G1,1,0.9999543
A0PXA8,1,1.0
A0A1L9UR19,1,1.0
A0PNH7,1,1.0
A0Q3U6,1,0.99412733
A0PXV2,1,1.0
A0K8R4,1,1.0
A0PM24,1,1.0
A0B8J2,0,1.0
A0A096P2H6,0,1.0
A0PRE9,1,0.999939
A0A1D8PNQ6,0,1.0
A0QIY2,1,1.0
A0KZR5,1,1.0
A0AAR7,1,1.0
A0Q6H3,1,0.9996644
A0KRP6,1,1.0
A0K486,1,1.0
A0QU35,1,0.93639344
A0A0H3KAV3,0,0.94725776
A0JMY4,1,0.61753154
A0A7H0DN97,0,0.9978965
A0A084API3,1,0.99998474
A0KEX6,1,0.9998474
A0QAB4,1,0.5741816
A0R5K4,1,1.0
A0Q2Q9,1,0.9999543
A0A0B5LB52,1,0.89403105
A0AG36,1,0.99998474
A0PP05,1,1.0
A0QRF3,0,0.99931353
A0B9L2,0,0.9134326
A0L481,1,1.0
A0A0H3JXA3,1,0.9994051
A0A067YBQ3,1,0.99981695
A0JZ68,1,1.0
A0L4S0,1,1.0
A0K833,0,0.8812051
A0RI44,1,1.0
A0PT80,1,0.9996796
A0Q060,1,1.0
A0KEG9,1,1.0
A0LTX3,1,1.0
A0LVS5,1,0.98430115
A0Q5Y6,1,0.99760723
A0A3S9NM20,1,1.0
A0QZY0,1,1.0
A0Q6Y1,1,0.9992526
A0A0C4DH34,1,0.99964917
A0K2V4,0,0.9716173
A0K8D3,1,1.0
A0K476,1,0.94874775
A0A2Z5CVQ4,1,0.99992365
A0A023IWD9,0,1.0
A0A023FFB5,0,1.0
A0B5L3,0,0.9999543
A0R8A3,1,1.0
A0AJ48,1,1.0
A0A1P8NVU1,0,1.0
A0JVK2,1,1.0
A0A1D6IEG9,0,0.94060355
A0A8C2MDK8,1,0.9992831
A0LDR7,0,1.0
A0A095C325,1,1.0
A0QU29,1,1.0
A0LU53,1,1.0
A0A349,0,1.0
A0A1E3B0T2,1,0.9998931
A0A067XMP1,1,1.0
A0A411KUU5,1,1.0
A0A1L6Z3A5,1,0.99992365
A0A321,0,1.0
A0KHC9,1,1.0
A0K3Q6,1,1.0
A0A0E4FKF7,1,1.0
A0KRN5,1,0.99998474
A0A140N890,1,1.0
A0QFS9,1,0.99943554
A0Q4K0,1,1.0
A0R3H2,1,0.99879533
A0PQE7,1,1.0
A0A097SRX8,0,1.0
A0QL35,1,1.0
A0PY57,1,1.0
A0RB61,1,1.0
A0LEH2,1,1.0
A0Q7F4,1,1.0
A0A023FT45,0,1.0
A0A1S4NYE4,0,0.9997406
A0A0K8RE99,1,0.9283694
A0LPF9,1,0.9992069
A0K4Y3,1,0.9993746
A0A6B7FA07,0,1.0
A0A4Z3,1,0.9993746
A0A7H0DN24,0,0.9999543
A0QCX6,1,1.0
A0A061FKL9,1,0.9948558
A0B7H6,1,1.0
A0Q150,0,1.0
A0A517FND3,1,1.0
A0LIZ8,1,0.9986276
A0A1L9WVI3,1,1.0
A0QSG0,1,1.0
A0A069CUU9,1,1.0
A0AL16,0,1.0
A0JZ93,1,0.99998474
A0LW38,0,1.0
A0KJD8,0,0.9088031
A0KHV5,1,0.99998474
A0A0A6YYL3,1,0.9964662
A0A0D1E015,1,0.88201225
A0Q4J8,1,0.9997101
A0A7H0DN28,0,0.5668431
A0A075B6J6,1,0.99981695
A0A084R1I4,1,1.0
A0M575,1,1.0
A0A072VMJ3,1,0.99998474
A0RK86,1,1.0
A0Q7Q7,1,1.0
A0A023PXB9,0,1.0
A0AHH9,0,0.7372412
A0LIK5,1,0.99998474
A0K6X6,1,0.97418547
A0KG33,1,1.0
A0A1V1FNM9,1,1.0
A0KR64,0,1.0
A0KFC0,1,1.0
A0A0D2Y4S0,0,0.99998474
A0QNG6,1,1.0
A0QJH8,1,1.0
A0QGN7,0,1.0
A0PR48,0,0.9996339
A0L5Y7,1,1.0
A0A0M4FMK2,1,0.99792695
A0PNH1,1,1.0
A0A075B6I1,1,0.9998627
A0A023W123,1,0.9955696
A0AIF0,1,1.0
A0A4V1E8I5,1,1.0
A0AIG3,0,0.9999543
A0PKF8,1,0.95170563
A0A3G1DJF3,1,1.0
A0L170,1,1.0
A0KWE9,1,0.9999084
A0KF27,1,1.0
A0A2I6EDN5,0,1.0
A0A4P8GG75,1,1.0
A0RCM7,1,1.0
A0A2I6PJ07,1,0.99998474
A0B8S7,0,1.0
A0LD67,0,0.7244062
A0A097ZPE6,1,0.9866621
A0A0U1LQE2,1,1.0
A0A5B6,1,1.0
A0B645,0,0.6894215
A0KYB9,1,1.0
A0A0H3H7Y9,1,0.76426196
A0PYX0,0,0.9830103
A0A0K8RKE4,0,0.99626863
A0QIB8,1,0.99998474
A0A0D2YFZ8,1,1.0
A0AKD7,1,0.99998474
A0A1L8HCK2,0,0.9491098
A0A0S6XH49,1,1.0
A0QTG1,1,1.0
A0A1Y0BRF2,1,0.9996796
A0QHC1,1,1.0
A0A1B0GUJ8,0,0.80411136
A0A0C2SRU5,1,0.99935937
A0JNJ1,1,1.0
A0KK38,0,0.999939
A0B212,1,1.0
A0KZ17,1,1.0
A0A0B4HQH6,1,0.999939
A0A2Z5XAK7,0,1.0
A0R8W4,1,1.0
A0AIC6,1,1.0
A0A2R6QXF8,1,1.0
A0ALL2,1,0.9992374
A0L242,1,1.0
A0AKC5,1,1.0
A0A0D9S1R0,0,1.0
A0JX41,0,0.53078
A0A2G5ICZ9,1,1.0
A0A125S9D9,0,0.99949664
A0R7F7,1,0.9966943
A0LXZ7,1,1.0
A0A482N9V7,1,0.99899346
A0A0F8XMN8,0,1.0
A0LRN2,1,0.99983215
A0A0H2WZQ7,1,0.99998474
A0A1C5G2D0,0,1.0
A0A096ZEC9,1,0.999939
A0A0K1YW63,0,0.9987801
A0PP79,1,1.0
A0A0P1B5K4,1,0.9725814
A0KEN2,1,1.0
A0A1B0GTB2,0,1.0
A0A023PXH2,0,1.0
A0A0F7U103,1,1.0
A0QAU8,1,1.0
A0QSD3,1,1.0
A0PUL2,0,0.9111358
A0B5B1,1,0.9691445
A0LHK5,1,0.9998474
A0A077EW86,1,1.0
A0LWS7,1,0.9403453
A0LI66,1,0.7734479
A0A140F3K6,1,0.9187724
A0L3M6,1,1.0
A0KHC4,1,1.0
A0A2H3D8Y2,1,1.0
A0R7K1,1,1.0
A0A1W6GW18,0,1.0
A0RMI8,0,0.9970898
A0A384E129,0,0.9672388
A0A455LLX1,1,0.99998474
A0NDG6,1,1.0
A0KW34,1,1.0
A0A140JWT9,1,1.0
A0Q8E3,0,1.0
A0JX72,1,1.0
A0QL19,1,0.9999695
A0A3G9K3K9,1,1.0
A0A2K9RFZ8,1,0.9999543
A0LWH7,1,1.0
A0A1W2PQL4,0,0.99998474
A0A0H3JNB0,1,1.0
A0Q4K8,1,0.9971506
A0A2R4QKX7,0,0.99981695
A0PR46,1,0.99905443
A0PXV1,0,0.99890196
A0PXW3,1,1.0
A0Q4Q1,1,1.0
A0LEE9,1,1.0
A0A067XMP0,1,0.99949664
A0Q5K3,1,1.0
A0QQ39,0,0.9777298
A0PW60,1,1.0
A0PM39,1,0.9999695
A0Q5P9,1,1.0
A0A179HME7,1,1.0
A0M2G0,1,1.0
A0LTS3,0,0.9996948
A0A084AFG8,1,0.99998474
A0A1I9LM04,1,1.0
A0RI59,1,1.0
A0A2H3D905,1,1.0
A0PLM7,1,0.9785655
A0A023IWM4,0,1.0
A0A494BZU4,1,0.7617588
A0KZQ7,1,1.0
A0Q2Z7,0,0.9812719
A0LD65,0,0.9885758
A0A1V6NWD3,1,0.999939
A0KF11,1,1.0
A0Q860,0,0.97701395
A0KSX4,0,0.9989782
A0AWY9,1,1.0
A0Q1R4,1,0.99998474
A0A3Q7I9E2,1,1.0
A0A3G3C7W0,0,1.0
A0AIY0,1,1.0
A0AK92,1,1.0
A0KG66,1,1.0
A0A1B0GX56,1,0.9995881
A0K3N1,1,1.0
A0L2E7,1,0.9999695
A0A0G2L7I0,0,0.9983839
A0A1C9J6A7,0,0.9506606
A0RMT3,1,1.0
A0LJ41,0,0.9989325
A0A455M2Z1,1,1.0
A0PRE5,1,1.0
A0A017SPL2,0,1.0
